EventId,UserId,BookingDate,TicketsBooked,FullName
49,b3e03764-1296-407b-9228-20cc43700860,2025-05-23,2,Malcolm
52,b3e03764-1296-407b-9228-20cc43700860,2025-05-23,1,Malcolm
50,b3e03764-1296-407b-9228-20cc43700860,2025-05-23,2,Malcolm
46,92fbe28b-5340-437e-9acd-bc2a09a85a7e,2025-05-23,2,Ravindu
42,92fbe28b-5340-437e-9acd-bc2a09a85a7e,2025-05-23,1,Ravindu
44,92fbe28b-5340-437e-9acd-bc2a09a85a7e,2025-05-23,1,Ravindu
42,b3e03764-1296-407b-9228-20cc43700860,2025-05-27,1,Malcolm
49,92fbe28b-5340-437e-9acd-bc2a09a85a7e,2025-05-27,1,Ravindu
48,92fbe28b-5340-437e-9acd-bc2a09a85a7e,2025-05-27,1,Ravindu
52,92fbe28b-5340-437e-9acd-bc2a09a85a7e,2025-05-27,1,Ravindu
42,92fbe28b-5340-437e-9acd-bc2a09a85a7e,2025-05-28,1,Ravindu
42,92fbe28b-5340-437e-9acd-bc2a09a85a7e,2025-05-28,1,Ravindu
43,92fbe28b-5340-437e-9acd-bc2a09a85a7e,2025-05-29,2,Ravindu
44,92fbe28b-5340-437e-9acd-bc2a09a85a7e,2025-05-29,2,Ravindu
42,92fbe28b-5340-437e-9acd-bc2a09a85a7e,2025-05-30,2,Ravindu
49,92fbe28b-5340-437e-9acd-bc2a09a85a7e,2025-05-31,1,Ravindu
49,92fbe28b-5340-437e-9acd-bc2a09a85a7e,2025-05-31,1,Ravindu
46,92fbe28b-5340-437e-9acd-bc2a09a85a7e,2025-06-08,1,Ravindu
47,92fbe28b-5340-437e-9acd-bc2a09a85a7e,2025-06-08,1,Ravindu
49,92fbe28b-5340-437e-9acd-bc2a09a85a7e,2025-06-08,1,Ravindu
42,92fbe28b-5340-437e-9acd-bc2a09a85a7e,2025-06-08,2,Ravindu
44,92fbe28b-5340-437e-9acd-bc2a09a85a7e,2025-06-08,2,Ravindu
49,92fbe28b-5340-437e-9acd-bc2a09a85a7e,2025-06-13,3,Ravindu
49,92fbe28b-5340-437e-9acd-bc2a09a85a7e,2025-06-13,1,Ravindu
